{"cameraMode":{"drawMode":0,"name":"Shaded","section":"Shading Mode"},"sceneLighting":false,"audioPlay":false,"sceneViewState":{"showFog":true,"showMaterialUpdate":false,"showSkybox":false,"showFlares":true,"showImageEffects":true,"showParticleSystems":true},"in2DMode":false,"pivot":{"x":-1.8888969421386719,"y":2.2764339447021486,"z":1.6500000953674317},"rotation":{"x":-0.5466349124908447,"y":0.4203888773918152,"z":-0.3688628375530243,"w":-0.6233693361282349},"size":1.999479055404663,"orthographic":true}