{"cameraMode":{"drawMode":0,"name":"Shaded","section":"Shading Mode"},"sceneLighting":false,"audioPlay":false,"sceneViewState":{"showFog":true,"showMaterialUpdate":false,"showSkybox":false,"showFlares":true,"showImageEffects":true,"showParticleSystems":true},"in2DMode":false,"pivot":{"x":2.5650134086608888,"y":-0.16421687602996827,"z":-1.3141709566116334},"rotation":{"x":-0.1418178677558899,"y":-0.7481533885002136,"z":0.170382559299469,"w":-0.6256575584411621},"size":1.7292784452438355,"orthographic":true}