{"cameraMode":{"drawMode":0,"name":"Shaded","section":"Shading Mode"},"sceneLighting":false,"audioPlay":false,"sceneViewState":{"showFog":true,"showMaterialUpdate":false,"showSkybox":false,"showFlares":true,"showImageEffects":true,"showParticleSystems":true},"in2DMode":false,"pivot":{"x":-1.1566452980041505,"y":0.7392044067382813,"z":2.7709999084472658},"rotation":{"x":-0.16772378981113435,"y":0.6720095276832581,"z":-0.16011354327201844,"w":-0.7033463716506958},"size":70.91278839111328,"orthographic":false}