{"cameraMode":{"drawMode":0,"name":"Shaded","section":"Shading Mode"},"sceneLighting":false,"audioPlay":false,"sceneViewState":{"showFog":true,"showMaterialUpdate":false,"showSkybox":false,"showFlares":true,"showImageEffects":true,"showParticleSystems":true},"in2DMode":false,"pivot":{"x":-0.39501953125,"y":0.640380859375,"z":3.0245361328125},"rotation":{"x":0.2705831527709961,"y":0.6323381662368774,"z":-0.25103217363357546,"w":0.6812489628791809},"size":2.0427677631378176,"orthographic":true}