{"cameraMode":{"drawMode":0,"name":"Shaded","section":"Shading Mode"},"sceneLighting":false,"audioPlay":false,"sceneViewState":{"showFog":true,"showMaterialUpdate":false,"showSkybox":false,"showFlares":true,"showImageEffects":true,"showParticleSystems":true},"in2DMode":false,"pivot":{"x":10.449999809265137,"y":-0.24694442749023438,"z":-6.969719886779785},"rotation":{"x":-0.33381494879722597,"y":-0.030867084860801698,"z":0.01151424739509821,"w":-0.9422337412834168},"size":0.8660253882408142,"orthographic":true}